[

  {"pk": 1, "model": "colissimo.region", "fields": {"name": "France - Monaco - Andore"}} ,
  {"pk": 2, "model": "colissimo.region", "fields": {"name": "Outre-mer OM1"}} ,
  {"pk": 3, "model": "colissimo.region", "fields": {"name": "Outre-mer OM2"}} ,
  {"pk": 4, "model": "colissimo.region", "fields": {"name": "International Zone A"}} ,
  {"pk": 5, "model": "colissimo.region", "fields": {"name": "International Zone B"}} ,
  {"pk": 6, "model": "colissimo.region", "fields": {"name": "International Zone C"}} ,
  {"pk": 7, "model": "colissimo.region", "fields": {"name": "International Zone D"}} ,
  {"pk": 1, "model": "colissimo.recommanded", "fields": {"price": "23", "level": "R0"}} ,
  {"pk": 2, "model": "colissimo.recommanded", "fields": {"price": "50", "level": "R1"}} ,
  {"pk": 3, "model": "colissimo.recommanded", "fields": {"price": "200", "level": "R2"}} ,
  {"pk": 4, "model": "colissimo.recommanded", "fields": {"price": "400", "level": "R3"}} ,
  {"pk": 5, "model": "colissimo.recommanded", "fields": {"price": "600", "level": "R4"}} ,
  {"pk": 6, "model": "colissimo.recommanded", "fields": {"price": "800", "level": "R5"}} ,
  {"pk": 7, "model": "colissimo.recommanded", "fields": {"price": "23", "level": "ECO"}} ,
  {"pk": 1, "model": "colissimo.rate", "fields": {"tracking": "1", "weight": "0.25", "region": "1", "deposit": "1", "recommanded": "1", "signature": "0", "price": "5.50"}} ,
  {"pk": 2, "model": "colissimo.rate", "fields": {"tracking": "1", "weight": "0.5", "region": "1", "deposit": "1", "recommanded": "1", "signature": "0", "price": "6.10"}} ,
  {"pk": 3, "model": "colissimo.rate", "fields": {"tracking": "1", "weight": "0.75", "region": "1", "deposit": "1", "recommanded": "1", "signature": "0", "price": "6.90"}} ,
  {"pk": 4, "model": "colissimo.rate", "fields": {"tracking": "1", "weight": "1", "region": "1", "deposit": "1", "recommanded": "1", "signature": "0", "price": "7.50"}} ,
  {"pk": 5, "model": "colissimo.rate", "fields": {"tracking": "1", "weight": "2", "region": "1", "deposit": "1", "recommanded": "1", "signature": "0", "price": "8.50"}} ,
  {"pk": 6, "model": "colissimo.rate", "fields": {"tracking": "1", "weight": "3", "region": "1", "deposit": "1", "recommanded": "1", "signature": "0", "price": "9.70"}} ,
  {"pk": 7, "model": "colissimo.rate", "fields": {"tracking": "1", "weight": "5", "region": "1", "deposit": "1", "recommanded": "1", "signature": "0", "price": "11.90"}} ,
  {"pk": 8, "model": "colissimo.rate", "fields": {"tracking": "1", "weight": "7", "region": "1", "deposit": "1", "recommanded": "1", "signature": "0", "price": "14.10"}} ,
  {"pk": 9, "model": "colissimo.rate", "fields": {"tracking": "1", "weight": "10", "region": "1", "deposit": "1", "recommanded": "1", "signature": "0", "price": "17.40"}} ,
  {"pk": 10, "model": "colissimo.rate", "fields": {"tracking": "1", "weight": "15", "region": "1", "deposit": "1", "recommanded": "1", "signature": "0", "price": "20.15"}} ,
  {"pk": 11, "model": "colissimo.rate", "fields": {"tracking": "1", "weight": "30", "region": "1", "deposit": "1", "recommanded": "1", "signature": "0", "price": "28.35"}} ,
  {"pk": 12, "model": "colissimo.rate", "fields": {"tracking": "1", "weight": "0.25", "region": "1", "deposit": "1", "recommanded": "2", "signature": "1", "price": "8.00"}} ,
  {"pk": 13, "model": "colissimo.rate", "fields": {"tracking": "1", "weight": "0.5", "region": "1", "deposit": "1", "recommanded": "2", "signature": "1", "price": "8.60"}} ,
  {"pk": 14, "model": "colissimo.rate", "fields": {"tracking": "1", "weight": "0.75", "region": "1", "deposit": "1", "recommanded": "2", "signature": "1", "price": "9.40"}} ,
  {"pk": 15, "model": "colissimo.rate", "fields": {"tracking": "1", "weight": "1", "region": "1", "deposit": "1", "recommanded": "2", "signature": "1", "price": "10.00"}} ,
  {"pk": 16, "model": "colissimo.rate", "fields": {"tracking": "1", "weight": "2", "region": "1", "deposit": "1", "recommanded": "2", "signature": "1", "price": "11.00"}} ,
  {"pk": 17, "model": "colissimo.rate", "fields": {"tracking": "1", "weight": "3", "region": "1", "deposit": "1", "recommanded": "2", "signature": "1", "price": "12.20"}} ,
  {"pk": 18, "model": "colissimo.rate", "fields": {"tracking": "1", "weight": "5", "region": "1", "deposit": "1", "recommanded": "2", "signature": "1", "price": "14.40"}} ,
  {"pk": 19, "model": "colissimo.rate", "fields": {"tracking": "1", "weight": "7", "region": "1", "deposit": "1", "recommanded": "2", "signature": "1", "price": "16.60"}} ,
  {"pk": 20, "model": "colissimo.rate", "fields": {"tracking": "1", "weight": "10", "region": "1", "deposit": "1", "recommanded": "2", "signature": "1", "price": "19.90"}} ,
  {"pk": 21, "model": "colissimo.rate", "fields": {"tracking": "1", "weight": "15", "region": "1", "deposit": "1", "recommanded": "2", "signature": "1", "price": "22.65"}} ,
  {"pk": 22, "model": "colissimo.rate", "fields": {"tracking": "1", "weight": "30", "region": "1", "deposit": "1", "recommanded": "2", "signature": "1", "price": "30.85"}} ,
  {"pk": 23, "model": "colissimo.rate", "fields": {"tracking": "1", "weight": "0.25", "region": "1", "deposit": "1", "recommanded": "3", "signature": "1", "price": "8.90"}} ,
  {"pk": 24, "model": "colissimo.rate", "fields": {"tracking": "1", "weight": "0.5", "region": "1", "deposit": "1", "recommanded": "3", "signature": "1", "price": "9.50"}} ,
  {"pk": 25, "model": "colissimo.rate", "fields": {"tracking": "1", "weight": "0.75", "region": "1", "deposit": "1", "recommanded": "3", "signature": "1", "price": "10.30"}} ,
  {"pk": 26, "model": "colissimo.rate", "fields": {"tracking": "1", "weight": "1", "region": "1", "deposit": "1", "recommanded": "3", "signature": "1", "price": "10.90"}} ,
  {"pk": 27, "model": "colissimo.rate", "fields": {"tracking": "1", "weight": "2", "region": "1", "deposit": "1", "recommanded": "3", "signature": "1", "price": "11.90"}} ,
  {"pk": 28, "model": "colissimo.rate", "fields": {"tracking": "1", "weight": "3", "region": "1", "deposit": "1", "recommanded": "3", "signature": "1", "price": "13.10"}} ,
  {"pk": 29, "model": "colissimo.rate", "fields": {"tracking": "1", "weight": "5", "region": "1", "deposit": "1", "recommanded": "3", "signature": "1", "price": "15.30"}} ,
  {"pk": 30, "model": "colissimo.rate", "fields": {"tracking": "1", "weight": "7", "region": "1", "deposit": "1", "recommanded": "3", "signature": "1", "price": "17.50"}} ,
  {"pk": 31, "model": "colissimo.rate", "fields": {"tracking": "1", "weight": "10", "region": "1", "deposit": "1", "recommanded": "3", "signature": "1", "price": "20.80"}} ,
  {"pk": 32, "model": "colissimo.rate", "fields": {"tracking": "1", "weight": "15", "region": "1", "deposit": "1", "recommanded": "3", "signature": "1", "price": "23.55"}} ,
  {"pk": 33, "model": "colissimo.rate", "fields": {"tracking": "1", "weight": "30", "region": "1", "deposit": "1", "recommanded": "3", "signature": "1", "price": "31.75"}} ,
  {"pk": 34, "model": "colissimo.rate", "fields": {"tracking": "1", "weight": "0.25", "region": "1", "deposit": "1", "recommanded": "4", "signature": "1", "price": "10.10"}} ,
  {"pk": 35, "model": "colissimo.rate", "fields": {"tracking": "1", "weight": "0.5", "region": "1", "deposit": "1", "recommanded": "4", "signature": "1", "price": "10.70"}} ,
  {"pk": 36, "model": "colissimo.rate", "fields": {"tracking": "1", "weight": "0.75", "region": "1", "deposit": "1", "recommanded": "4", "signature": "1", "price": "11.50"}} ,
  {"pk": 37, "model": "colissimo.rate", "fields": {"tracking": "1", "weight": "1", "region": "1", "deposit": "1", "recommanded": "4", "signature": "1", "price": "12.10"}} ,
  {"pk": 38, "model": "colissimo.rate", "fields": {"tracking": "1", "weight": "2", "region": "1", "deposit": "1", "recommanded": "4", "signature": "1", "price": "13.10"}} ,
  {"pk": 39, "model": "colissimo.rate", "fields": {"tracking": "1", "weight": "3", "region": "1", "deposit": "1", "recommanded": "4", "signature": "1", "price": "14.30"}} ,
  {"pk": 40, "model": "colissimo.rate", "fields": {"tracking": "1", "weight": "5", "region": "1", "deposit": "1", "recommanded": "4", "signature": "1", "price": "16.50"}} ,
  {"pk": 41, "model": "colissimo.rate", "fields": {"tracking": "1", "weight": "7", "region": "1", "deposit": "1", "recommanded": "4", "signature": "1", "price": "18.70"}} ,
  {"pk": 42, "model": "colissimo.rate", "fields": {"tracking": "1", "weight": "10", "region": "1", "deposit": "1", "recommanded": "4", "signature": "1", "price": "22.00"}} ,
  {"pk": 43, "model": "colissimo.rate", "fields": {"tracking": "1", "weight": "15", "region": "1", "deposit": "1", "recommanded": "4", "signature": "1", "price": "24.75"}} ,
  {"pk": 44, "model": "colissimo.rate", "fields": {"tracking": "1", "weight": "30", "region": "1", "deposit": "1", "recommanded": "4", "signature": "1", "price": "32.95"}} ,
  {"pk": 45, "model": "colissimo.rate", "fields": {"tracking": "1", "weight": "0.25", "region": "1", "deposit": "1", "recommanded": "5", "signature": "1", "price": "11.30"}} ,
  {"pk": 46, "model": "colissimo.rate", "fields": {"tracking": "1", "weight": "0.5", "region": "1", "deposit": "1", "recommanded": "5", "signature": "1", "price": "11.90"}} ,
  {"pk": 47, "model": "colissimo.rate", "fields": {"tracking": "1", "weight": "0.75", "region": "1", "deposit": "1", "recommanded": "5", "signature": "1", "price": "12.70"}} ,
  {"pk": 48, "model": "colissimo.rate", "fields": {"tracking": "1", "weight": "1", "region": "1", "deposit": "1", "recommanded": "5", "signature": "1", "price": "13.30"}} ,
  {"pk": 49, "model": "colissimo.rate", "fields": {"tracking": "1", "weight": "2", "region": "1", "deposit": "1", "recommanded": "5", "signature": "1", "price": "14.30"}} ,
  {"pk": 50, "model": "colissimo.rate", "fields": {"tracking": "1", "weight": "3", "region": "1", "deposit": "1", "recommanded": "5", "signature": "1", "price": "15.50"}} ,
  {"pk": 51, "model": "colissimo.rate", "fields": {"tracking": "1", "weight": "5", "region": "1", "deposit": "1", "recommanded": "5", "signature": "1", "price": "17.70"}} ,
  {"pk": 52, "model": "colissimo.rate", "fields": {"tracking": "1", "weight": "7", "region": "1", "deposit": "1", "recommanded": "5", "signature": "1", "price": "19.90"}} ,
  {"pk": 53, "model": "colissimo.rate", "fields": {"tracking": "1", "weight": "10", "region": "1", "deposit": "1", "recommanded": "5", "signature": "1", "price": "23.20"}} ,
  {"pk": 54, "model": "colissimo.rate", "fields": {"tracking": "1", "weight": "15", "region": "1", "deposit": "1", "recommanded": "5", "signature": "1", "price": "25.95"}} ,
  {"pk": 55, "model": "colissimo.rate", "fields": {"tracking": "1", "weight": "30", "region": "1", "deposit": "1", "recommanded": "5", "signature": "1", "price": "34.15"}} ,
  {"pk": 56, "model": "colissimo.rate", "fields": {"tracking": "1", "weight": "0.25", "region": "1", "deposit": "1", "recommanded": "6", "signature": "1", "price": "12.50"}} ,
  {"pk": 57, "model": "colissimo.rate", "fields": {"tracking": "1", "weight": "0.5", "region": "1", "deposit": "1", "recommanded": "6", "signature": "1", "price": "13.10"}} ,
  {"pk": 58, "model": "colissimo.rate", "fields": {"tracking": "1", "weight": "0.75", "region": "1", "deposit": "1", "recommanded": "6", "signature": "1", "price": "13.90"}} ,
  {"pk": 59, "model": "colissimo.rate", "fields": {"tracking": "1", "weight": "1", "region": "1", "deposit": "1", "recommanded": "6", "signature": "1", "price": "14.50"}} ,
  {"pk": 60, "model": "colissimo.rate", "fields": {"tracking": "1", "weight": "2", "region": "1", "deposit": "1", "recommanded": "6", "signature": "1", "price": "15.50"}} ,
  {"pk": 61, "model": "colissimo.rate", "fields": {"tracking": "1", "weight": "3", "region": "1", "deposit": "1", "recommanded": "6", "signature": "1", "price": "16.70"}} ,
  {"pk": 62, "model": "colissimo.rate", "fields": {"tracking": "1", "weight": "5", "region": "1", "deposit": "1", "recommanded": "6", "signature": "1", "price": "18.90"}} ,
  {"pk": 63, "model": "colissimo.rate", "fields": {"tracking": "1", "weight": "7", "region": "1", "deposit": "1", "recommanded": "6", "signature": "1", "price": "21.10"}} ,
  {"pk": 64, "model": "colissimo.rate", "fields": {"tracking": "1", "weight": "10", "region": "1", "deposit": "1", "recommanded": "6", "signature": "1", "price": "24.40"}} ,
  {"pk": 65, "model": "colissimo.rate", "fields": {"tracking": "1", "weight": "15", "region": "1", "deposit": "1", "recommanded": "6", "signature": "1", "price": "27.15"}} ,
  {"pk": 66, "model": "colissimo.rate", "fields": {"tracking": "1", "weight": "30", "region": "1", "deposit": "1", "recommanded": "6", "signature": "1", "price": "35.35"}} ,
  {"pk": 67, "model": "colissimo.rate", "fields": {"tracking": "0", "weight": "0.5", "region": "2", "deposit": "1", "recommanded": "7", "signature": "0", "price": "7.90"}} ,
  {"pk": 68, "model": "colissimo.rate", "fields": {"tracking": "0", "weight": "1", "region": "2", "deposit": "1", "recommanded": "7", "signature": "0", "price": "10.20"}} ,
  {"pk": 69, "model": "colissimo.rate", "fields": {"tracking": "0", "weight": "2", "region": "2", "deposit": "1", "recommanded": "7", "signature": "0", "price": "12.05"}} ,
  {"pk": 70, "model": "colissimo.rate", "fields": {"tracking": "0", "weight": "3", "region": "2", "deposit": "1", "recommanded": "7", "signature": "0", "price": "13.90"}} ,
  {"pk": 71, "model": "colissimo.rate", "fields": {"tracking": "0", "weight": "4", "region": "2", "deposit": "1", "recommanded": "7", "signature": "0", "price": "15.75"}} ,
  {"pk": 72, "model": "colissimo.rate", "fields": {"tracking": "0", "weight": "5", "region": "2", "deposit": "1", "recommanded": "7", "signature": "0", "price": "17.60"}} ,
  {"pk": 73, "model": "colissimo.rate", "fields": {"tracking": "0", "weight": "6", "region": "2", "deposit": "1", "recommanded": "7", "signature": "0", "price": "19.45"}} ,
  {"pk": 74, "model": "colissimo.rate", "fields": {"tracking": "0", "weight": "7", "region": "2", "deposit": "1", "recommanded": "7", "signature": "0", "price": "21.30"}} ,
  {"pk": 75, "model": "colissimo.rate", "fields": {"tracking": "0", "weight": "8", "region": "2", "deposit": "1", "recommanded": "7", "signature": "0", "price": "23.15"}} ,
  {"pk": 76, "model": "colissimo.rate", "fields": {"tracking": "0", "weight": "9", "region": "2", "deposit": "1", "recommanded": "7", "signature": "0", "price": "25.00"}} ,
  {"pk": 77, "model": "colissimo.rate", "fields": {"tracking": "0", "weight": "10", "region": "2", "deposit": "1", "recommanded": "7", "signature": "0", "price": "26.85"}} ,
  {"pk": 78, "model": "colissimo.rate", "fields": {"tracking": "0", "weight": "15", "region": "2", "deposit": "1", "recommanded": "7", "signature": "0", "price": "36.35"}} ,
  {"pk": 79, "model": "colissimo.rate", "fields": {"tracking": "0", "weight": "20", "region": "2", "deposit": "1", "recommanded": "7", "signature": "0", "price": "45.85"}} ,
  {"pk": 80, "model": "colissimo.rate", "fields": {"tracking": "0", "weight": "25", "region": "2", "deposit": "1", "recommanded": "7", "signature": "0", "price": "55.35"}} ,
  {"pk": 81, "model": "colissimo.rate", "fields": {"tracking": "0", "weight": "30", "region": "2", "deposit": "1", "recommanded": "7", "signature": "0", "price": "64.85"}} ,
  {"pk": 82, "model": "colissimo.rate", "fields": {"tracking": "1", "weight": "0.5", "region": "2", "deposit": "1", "recommanded": "1", "signature": "0", "price": "8.70"}} ,
  {"pk": 83, "model": "colissimo.rate", "fields": {"tracking": "1", "weight": "1", "region": "2", "deposit": "1", "recommanded": "1", "signature": "0", "price": "13.15"}} ,
  {"pk": 84, "model": "colissimo.rate", "fields": {"tracking": "1", "weight": "2", "region": "2", "deposit": "1", "recommanded": "1", "signature": "0", "price": "17.95"}} ,
  {"pk": 85, "model": "colissimo.rate", "fields": {"tracking": "1", "weight": "3", "region": "2", "deposit": "1", "recommanded": "1", "signature": "0", "price": "22.75"}} ,
  {"pk": 86, "model": "colissimo.rate", "fields": {"tracking": "1", "weight": "4", "region": "2", "deposit": "1", "recommanded": "1", "signature": "0", "price": "27.55"}} ,
  {"pk": 87, "model": "colissimo.rate", "fields": {"tracking": "1", "weight": "5", "region": "2", "deposit": "1", "recommanded": "1", "signature": "0", "price": "32.35"}} ,
  {"pk": 88, "model": "colissimo.rate", "fields": {"tracking": "1", "weight": "6", "region": "2", "deposit": "1", "recommanded": "1", "signature": "0", "price": "37.15"}} ,
  {"pk": 89, "model": "colissimo.rate", "fields": {"tracking": "1", "weight": "7", "region": "2", "deposit": "1", "recommanded": "1", "signature": "0", "price": "41.05"}} ,
  {"pk": 90, "model": "colissimo.rate", "fields": {"tracking": "1", "weight": "8", "region": "2", "deposit": "1", "recommanded": "1", "signature": "0", "price": "46.75"}} ,
  {"pk": 91, "model": "colissimo.rate", "fields": {"tracking": "1", "weight": "9", "region": "2", "deposit": "1", "recommanded": "1", "signature": "0", "price": "51.55"}} ,
  {"pk": 92, "model": "colissimo.rate", "fields": {"tracking": "1", "weight": "10", "region": "2", "deposit": "1", "recommanded": "1", "signature": "0", "price": "56.35"}} ,
  {"pk": 93, "model": "colissimo.rate", "fields": {"tracking": "1", "weight": "15", "region": "2", "deposit": "1", "recommanded": "1", "signature": "0", "price": "80.35"}} ,
  {"pk": 94, "model": "colissimo.rate", "fields": {"tracking": "1", "weight": "20", "region": "2", "deposit": "1", "recommanded": "1", "signature": "0", "price": "104.35"}} ,
  {"pk": 95, "model": "colissimo.rate", "fields": {"tracking": "1", "weight": "25", "region": "2", "deposit": "1", "recommanded": "1", "signature": "0", "price": "128.35"}} ,
  {"pk": 96, "model": "colissimo.rate", "fields": {"tracking": "1", "weight": "30", "region": "2", "deposit": "1", "recommanded": "1", "signature": "0", "price": "152.35"}} ,
  {"pk": 97, "model": "colissimo.rate", "fields": {"tracking": "1", "weight": "0.5", "region": "2", "deposit": "1", "recommanded": "2", "signature": "1", "price": "11.20"}} ,
  {"pk": 98, "model": "colissimo.rate", "fields": {"tracking": "1", "weight": "1", "region": "2", "deposit": "1", "recommanded": "2", "signature": "1", "price": "15.65"}} ,
  {"pk": 99, "model": "colissimo.rate", "fields": {"tracking": "1", "weight": "2", "region": "2", "deposit": "1", "recommanded": "2", "signature": "1", "price": "20.45"}} ,
  {"pk": 100, "model": "colissimo.rate", "fields": {"tracking": "1", "weight": "3", "region": "2", "deposit": "1", "recommanded": "2", "signature": "1", "price": "25.25"}} ,
  {"pk": 101, "model": "colissimo.rate", "fields": {"tracking": "1", "weight": "4", "region": "2", "deposit": "1", "recommanded": "2", "signature": "1", "price": "30.05"}} ,
  {"pk": 102, "model": "colissimo.rate", "fields": {"tracking": "1", "weight": "5", "region": "2", "deposit": "1", "recommanded": "2", "signature": "1", "price": "34.85"}} ,
  {"pk": 103, "model": "colissimo.rate", "fields": {"tracking": "1", "weight": "6", "region": "2", "deposit": "1", "recommanded": "2", "signature": "1", "price": "39.65"}} ,
  {"pk": 104, "model": "colissimo.rate", "fields": {"tracking": "1", "weight": "7", "region": "2", "deposit": "1", "recommanded": "2", "signature": "1", "price": "44.45"}} ,
  {"pk": 105, "model": "colissimo.rate", "fields": {"tracking": "1", "weight": "8", "region": "2", "deposit": "1", "recommanded": "2", "signature": "1", "price": "49.25"}} ,
  {"pk": 106, "model": "colissimo.rate", "fields": {"tracking": "1", "weight": "9", "region": "2", "deposit": "1", "recommanded": "2", "signature": "1", "price": "54.05"}} ,
  {"pk": 107, "model": "colissimo.rate", "fields": {"tracking": "1", "weight": "10", "region": "2", "deposit": "1", "recommanded": "2", "signature": "1", "price": "58.85"}} ,
  {"pk": 108, "model": "colissimo.rate", "fields": {"tracking": "1", "weight": "15", "region": "2", "deposit": "1", "recommanded": "2", "signature": "1", "price": "82.85"}} ,
  {"pk": 109, "model": "colissimo.rate", "fields": {"tracking": "1", "weight": "20", "region": "2", "deposit": "1", "recommanded": "2", "signature": "1", "price": "106.85"}} ,
  {"pk": 110, "model": "colissimo.rate", "fields": {"tracking": "1", "weight": "25", "region": "2", "deposit": "1", "recommanded": "2", "signature": "1", "price": "130.85"}} ,
  {"pk": 111, "model": "colissimo.rate", "fields": {"tracking": "1", "weight": "30", "region": "2", "deposit": "1", "recommanded": "2", "signature": "1", "price": "154.85"}} ,
  {"pk": 112, "model": "colissimo.rate", "fields": {"tracking": "1", "weight": "0.5", "region": "2", "deposit": "1", "recommanded": "3", "signature": "1", "price": "12.10"}} ,
  {"pk": 113, "model": "colissimo.rate", "fields": {"tracking": "1", "weight": "1", "region": "2", "deposit": "1", "recommanded": "3", "signature": "1", "price": "16.55"}} ,
  {"pk": 114, "model": "colissimo.rate", "fields": {"tracking": "1", "weight": "2", "region": "2", "deposit": "1", "recommanded": "3", "signature": "1", "price": "21.35"}} ,
  {"pk": 115, "model": "colissimo.rate", "fields": {"tracking": "1", "weight": "3", "region": "2", "deposit": "1", "recommanded": "3", "signature": "1", "price": "26.15"}} ,
  {"pk": 116, "model": "colissimo.rate", "fields": {"tracking": "1", "weight": "4", "region": "2", "deposit": "1", "recommanded": "3", "signature": "1", "price": "30.95"}} ,
  {"pk": 117, "model": "colissimo.rate", "fields": {"tracking": "1", "weight": "5", "region": "2", "deposit": "1", "recommanded": "3", "signature": "1", "price": "35.75"}} ,
  {"pk": 118, "model": "colissimo.rate", "fields": {"tracking": "1", "weight": "6", "region": "2", "deposit": "1", "recommanded": "3", "signature": "1", "price": "40.55"}} ,
  {"pk": 119, "model": "colissimo.rate", "fields": {"tracking": "1", "weight": "7", "region": "2", "deposit": "1", "recommanded": "3", "signature": "1", "price": "45.35"}} ,
  {"pk": 120, "model": "colissimo.rate", "fields": {"tracking": "1", "weight": "8", "region": "2", "deposit": "1", "recommanded": "3", "signature": "1", "price": "50.15"}} ,
  {"pk": 121, "model": "colissimo.rate", "fields": {"tracking": "1", "weight": "9", "region": "2", "deposit": "1", "recommanded": "3", "signature": "1", "price": "54.95"}} ,
  {"pk": 122, "model": "colissimo.rate", "fields": {"tracking": "1", "weight": "10", "region": "2", "deposit": "1", "recommanded": "3", "signature": "1", "price": "59.75"}} ,
  {"pk": 123, "model": "colissimo.rate", "fields": {"tracking": "1", "weight": "15", "region": "2", "deposit": "1", "recommanded": "3", "signature": "1", "price": "83.75"}} ,
  {"pk": 124, "model": "colissimo.rate", "fields": {"tracking": "1", "weight": "20", "region": "2", "deposit": "1", "recommanded": "3", "signature": "1", "price": "107.75"}} ,
  {"pk": 125, "model": "colissimo.rate", "fields": {"tracking": "1", "weight": "25", "region": "2", "deposit": "1", "recommanded": "3", "signature": "1", "price": "131.75"}} ,
  {"pk": 126, "model": "colissimo.rate", "fields": {"tracking": "1", "weight": "30", "region": "2", "deposit": "1", "recommanded": "3", "signature": "1", "price": "155.75"}} ,
  {"pk": 127, "model": "colissimo.rate", "fields": {"tracking": "1", "weight": "0.5", "region": "2", "deposit": "1", "recommanded": "4", "signature": "1", "price": "13.30"}} ,
  {"pk": 128, "model": "colissimo.rate", "fields": {"tracking": "1", "weight": "1", "region": "2", "deposit": "1", "recommanded": "4", "signature": "1", "price": "17.75"}} ,
  {"pk": 129, "model": "colissimo.rate", "fields": {"tracking": "1", "weight": "2", "region": "2", "deposit": "1", "recommanded": "4", "signature": "1", "price": "22.55"}} ,
  {"pk": 130, "model": "colissimo.rate", "fields": {"tracking": "1", "weight": "3", "region": "2", "deposit": "1", "recommanded": "4", "signature": "1", "price": "27.35"}} ,
  {"pk": 131, "model": "colissimo.rate", "fields": {"tracking": "1", "weight": "4", "region": "2", "deposit": "1", "recommanded": "4", "signature": "1", "price": "32.15"}} ,
  {"pk": 132, "model": "colissimo.rate", "fields": {"tracking": "1", "weight": "5", "region": "2", "deposit": "1", "recommanded": "4", "signature": "1", "price": "36.95"}} ,
  {"pk": 133, "model": "colissimo.rate", "fields": {"tracking": "1", "weight": "6", "region": "2", "deposit": "1", "recommanded": "4", "signature": "1", "price": "41.75"}} ,
  {"pk": 134, "model": "colissimo.rate", "fields": {"tracking": "1", "weight": "7", "region": "2", "deposit": "1", "recommanded": "4", "signature": "1", "price": "46.55"}} ,
  {"pk": 135, "model": "colissimo.rate", "fields": {"tracking": "1", "weight": "8", "region": "2", "deposit": "1", "recommanded": "4", "signature": "1", "price": "51.35"}} ,
  {"pk": 136, "model": "colissimo.rate", "fields": {"tracking": "1", "weight": "9", "region": "2", "deposit": "1", "recommanded": "4", "signature": "1", "price": "56.15"}} ,
  {"pk": 137, "model": "colissimo.rate", "fields": {"tracking": "1", "weight": "10", "region": "2", "deposit": "1", "recommanded": "4", "signature": "1", "price": "60.95"}} ,
  {"pk": 138, "model": "colissimo.rate", "fields": {"tracking": "1", "weight": "15", "region": "2", "deposit": "1", "recommanded": "4", "signature": "1", "price": "84.95"}} ,
  {"pk": 139, "model": "colissimo.rate", "fields": {"tracking": "1", "weight": "20", "region": "2", "deposit": "1", "recommanded": "4", "signature": "1", "price": "108.95"}} ,
  {"pk": 140, "model": "colissimo.rate", "fields": {"tracking": "1", "weight": "25", "region": "2", "deposit": "1", "recommanded": "4", "signature": "1", "price": "132.95"}} ,
  {"pk": 141, "model": "colissimo.rate", "fields": {"tracking": "1", "weight": "30", "region": "2", "deposit": "1", "recommanded": "4", "signature": "1", "price": "156.95"}} ,
  {"pk": 142, "model": "colissimo.rate", "fields": {"tracking": "1", "weight": "0.5", "region": "2", "deposit": "1", "recommanded": "5", "signature": "1", "price": "14.50"}} ,
  {"pk": 143, "model": "colissimo.rate", "fields": {"tracking": "1", "weight": "1", "region": "2", "deposit": "1", "recommanded": "5", "signature": "1", "price": "18.95"}} ,
  {"pk": 144, "model": "colissimo.rate", "fields": {"tracking": "1", "weight": "2", "region": "2", "deposit": "1", "recommanded": "5", "signature": "1", "price": "23.75"}} ,
  {"pk": 145, "model": "colissimo.rate", "fields": {"tracking": "1", "weight": "3", "region": "2", "deposit": "1", "recommanded": "5", "signature": "1", "price": "28.55"}} ,
  {"pk": 146, "model": "colissimo.rate", "fields": {"tracking": "1", "weight": "4", "region": "2", "deposit": "1", "recommanded": "5", "signature": "1", "price": "33.35"}} ,
  {"pk": 147, "model": "colissimo.rate", "fields": {"tracking": "1", "weight": "5", "region": "2", "deposit": "1", "recommanded": "5", "signature": "1", "price": "38.15"}} ,
  {"pk": 148, "model": "colissimo.rate", "fields": {"tracking": "1", "weight": "6", "region": "2", "deposit": "1", "recommanded": "5", "signature": "1", "price": "42.95"}} ,
  {"pk": 149, "model": "colissimo.rate", "fields": {"tracking": "1", "weight": "7", "region": "2", "deposit": "1", "recommanded": "5", "signature": "1", "price": "47.75"}} ,
  {"pk": 150, "model": "colissimo.rate", "fields": {"tracking": "1", "weight": "8", "region": "2", "deposit": "1", "recommanded": "5", "signature": "1", "price": "52.55"}} ,
  {"pk": 151, "model": "colissimo.rate", "fields": {"tracking": "1", "weight": "9", "region": "2", "deposit": "1", "recommanded": "5", "signature": "1", "price": "57.35"}} ,
  {"pk": 152, "model": "colissimo.rate", "fields": {"tracking": "1", "weight": "10", "region": "2", "deposit": "1", "recommanded": "5", "signature": "1", "price": "62.15"}} ,
  {"pk": 153, "model": "colissimo.rate", "fields": {"tracking": "1", "weight": "15", "region": "2", "deposit": "1", "recommanded": "5", "signature": "1", "price": "86.15"}} ,
  {"pk": 154, "model": "colissimo.rate", "fields": {"tracking": "1", "weight": "20", "region": "2", "deposit": "1", "recommanded": "5", "signature": "1", "price": "110.15"}} ,
  {"pk": 155, "model": "colissimo.rate", "fields": {"tracking": "1", "weight": "25", "region": "2", "deposit": "1", "recommanded": "5", "signature": "1", "price": "134.15"}} ,
  {"pk": 156, "model": "colissimo.rate", "fields": {"tracking": "1", "weight": "30", "region": "2", "deposit": "1", "recommanded": "5", "signature": "1", "price": "158.15"}} ,
  {"pk": 157, "model": "colissimo.rate", "fields": {"tracking": "1", "weight": "0.5", "region": "2", "deposit": "1", "recommanded": "6", "signature": "1", "price": "15.70"}} ,
  {"pk": 158, "model": "colissimo.rate", "fields": {"tracking": "1", "weight": "1", "region": "2", "deposit": "1", "recommanded": "6", "signature": "1", "price": "20.15"}} ,
  {"pk": 159, "model": "colissimo.rate", "fields": {"tracking": "1", "weight": "2", "region": "2", "deposit": "1", "recommanded": "6", "signature": "1", "price": "24.95"}} ,
  {"pk": 160, "model": "colissimo.rate", "fields": {"tracking": "1", "weight": "3", "region": "2", "deposit": "1", "recommanded": "6", "signature": "1", "price": "29.75"}} ,
  {"pk": 161, "model": "colissimo.rate", "fields": {"tracking": "1", "weight": "4", "region": "2", "deposit": "1", "recommanded": "6", "signature": "1", "price": "34.55"}} ,
  {"pk": 162, "model": "colissimo.rate", "fields": {"tracking": "1", "weight": "5", "region": "2", "deposit": "1", "recommanded": "6", "signature": "1", "price": "39.35"}} ,
  {"pk": 163, "model": "colissimo.rate", "fields": {"tracking": "1", "weight": "6", "region": "2", "deposit": "1", "recommanded": "6", "signature": "1", "price": "44.15"}} ,
  {"pk": 164, "model": "colissimo.rate", "fields": {"tracking": "1", "weight": "7", "region": "2", "deposit": "1", "recommanded": "6", "signature": "1", "price": "48.95"}} ,
  {"pk": 165, "model": "colissimo.rate", "fields": {"tracking": "1", "weight": "8", "region": "2", "deposit": "1", "recommanded": "6", "signature": "1", "price": "53.75"}} ,
  {"pk": 166, "model": "colissimo.rate", "fields": {"tracking": "1", "weight": "9", "region": "2", "deposit": "1", "recommanded": "6", "signature": "1", "price": "58.55"}} ,
  {"pk": 167, "model": "colissimo.rate", "fields": {"tracking": "1", "weight": "10", "region": "2", "deposit": "1", "recommanded": "6", "signature": "1", "price": "63.35"}} ,
  {"pk": 168, "model": "colissimo.rate", "fields": {"tracking": "1", "weight": "15", "region": "2", "deposit": "1", "recommanded": "6", "signature": "1", "price": "87.35"}} ,
  {"pk": 169, "model": "colissimo.rate", "fields": {"tracking": "1", "weight": "20", "region": "2", "deposit": "1", "recommanded": "6", "signature": "1", "price": "111.35"}} ,
  {"pk": 170, "model": "colissimo.rate", "fields": {"tracking": "1", "weight": "25", "region": "2", "deposit": "1", "recommanded": "6", "signature": "1", "price": "135.35"}} ,
  {"pk": 171, "model": "colissimo.rate", "fields": {"tracking": "1", "weight": "30", "region": "2", "deposit": "1", "recommanded": "6", "signature": "1", "price": "159.35"}} ,
  {"pk": 172, "model": "colissimo.rate", "fields": {"tracking": "0", "weight": "0.5", "region": "3", "deposit": "1", "recommanded": "7", "signature": "0", "price": "10.30"}} ,
  {"pk": 173, "model": "colissimo.rate", "fields": {"tracking": "0", "weight": "1", "region": "3", "deposit": "1", "recommanded": "7", "signature": "0", "price": "14.10"}} ,
  {"pk": 174, "model": "colissimo.rate", "fields": {"tracking": "0", "weight": "2", "region": "3", "deposit": "1", "recommanded": "7", "signature": "0", "price": "24.80"}} ,
  {"pk": 175, "model": "colissimo.rate", "fields": {"tracking": "0", "weight": "3", "region": "3", "deposit": "1", "recommanded": "7", "signature": "0", "price": "35.50"}} ,
  {"pk": 176, "model": "colissimo.rate", "fields": {"tracking": "0", "weight": "4", "region": "3", "deposit": "1", "recommanded": "7", "signature": "0", "price": "46.20"}} ,
  {"pk": 177, "model": "colissimo.rate", "fields": {"tracking": "0", "weight": "5", "region": "3", "deposit": "1", "recommanded": "7", "signature": "0", "price": "56.90"}} ,
  {"pk": 178, "model": "colissimo.rate", "fields": {"tracking": "0", "weight": "6", "region": "3", "deposit": "1", "recommanded": "7", "signature": "0", "price": "67.60"}} ,
  {"pk": 179, "model": "colissimo.rate", "fields": {"tracking": "0", "weight": "7", "region": "3", "deposit": "1", "recommanded": "7", "signature": "0", "price": "78.30"}} ,
  {"pk": 180, "model": "colissimo.rate", "fields": {"tracking": "0", "weight": "8", "region": "3", "deposit": "1", "recommanded": "7", "signature": "0", "price": "89.00"}} ,
  {"pk": 181, "model": "colissimo.rate", "fields": {"tracking": "0", "weight": "9", "region": "3", "deposit": "1", "recommanded": "7", "signature": "0", "price": "99.70"}} ,
  {"pk": 182, "model": "colissimo.rate", "fields": {"tracking": "0", "weight": "10", "region": "3", "deposit": "1", "recommanded": "7", "signature": "0", "price": "110.40"}} ,
  {"pk": 183, "model": "colissimo.rate", "fields": {"tracking": "0", "weight": "15", "region": "3", "deposit": "1", "recommanded": "7", "signature": "0", "price": "163.90"}} ,
  {"pk": 184, "model": "colissimo.rate", "fields": {"tracking": "0", "weight": "20", "region": "3", "deposit": "1", "recommanded": "7", "signature": "0", "price": "217.40"}} ,
  {"pk": 185, "model": "colissimo.rate", "fields": {"tracking": "0", "weight": "25", "region": "3", "deposit": "1", "recommanded": "7", "signature": "0", "price": "270.90"}} ,
  {"pk": 186, "model": "colissimo.rate", "fields": {"tracking": "0", "weight": "30", "region": "3", "deposit": "1", "recommanded": "7", "signature": "0", "price": "324.40"}} ,
  {"pk": 187, "model": "colissimo.rate", "fields": {"tracking": "1", "weight": "0.5", "region": "3", "deposit": "1", "recommanded": "1", "signature": "0", "price": "10.40"}} ,
  {"pk": 188, "model": "colissimo.rate", "fields": {"tracking": "1", "weight": "1", "region": "3", "deposit": "1", "recommanded": "1", "signature": "0", "price": "15.70"}} ,
  {"pk": 189, "model": "colissimo.rate", "fields": {"tracking": "1", "weight": "2", "region": "3", "deposit": "1", "recommanded": "1", "signature": "0", "price": "27.70"}} ,
  {"pk": 190, "model": "colissimo.rate", "fields": {"tracking": "1", "weight": "3", "region": "3", "deposit": "1", "recommanded": "1", "signature": "0", "price": "39.70"}} ,
  {"pk": 191, "model": "colissimo.rate", "fields": {"tracking": "1", "weight": "4", "region": "3", "deposit": "1", "recommanded": "1", "signature": "0", "price": "51.70"}} ,
  {"pk": 192, "model": "colissimo.rate", "fields": {"tracking": "1", "weight": "5", "region": "3", "deposit": "1", "recommanded": "1", "signature": "0", "price": "63.70"}} ,
  {"pk": 193, "model": "colissimo.rate", "fields": {"tracking": "1", "weight": "6", "region": "3", "deposit": "1", "recommanded": "1", "signature": "0", "price": "75.70"}} ,
  {"pk": 194, "model": "colissimo.rate", "fields": {"tracking": "1", "weight": "7", "region": "3", "deposit": "1", "recommanded": "1", "signature": "0", "price": "87.70"}} ,
  {"pk": 195, "model": "colissimo.rate", "fields": {"tracking": "1", "weight": "8", "region": "3", "deposit": "1", "recommanded": "1", "signature": "0", "price": "99.70"}} ,
  {"pk": 196, "model": "colissimo.rate", "fields": {"tracking": "1", "weight": "9", "region": "3", "deposit": "1", "recommanded": "1", "signature": "0", "price": "111.70"}} ,
  {"pk": 197, "model": "colissimo.rate", "fields": {"tracking": "1", "weight": "10", "region": "3", "deposit": "1", "recommanded": "1", "signature": "0", "price": "123.70"}} ,
  {"pk": 198, "model": "colissimo.rate", "fields": {"tracking": "1", "weight": "15", "region": "3", "deposit": "1", "recommanded": "1", "signature": "0", "price": "183.70"}} ,
  {"pk": 199, "model": "colissimo.rate", "fields": {"tracking": "1", "weight": "20", "region": "3", "deposit": "1", "recommanded": "1", "signature": "0", "price": "243.70"}} ,
  {"pk": 200, "model": "colissimo.rate", "fields": {"tracking": "1", "weight": "25", "region": "3", "deposit": "1", "recommanded": "1", "signature": "0", "price": "303.70"}} ,
  {"pk": 201, "model": "colissimo.rate", "fields": {"tracking": "1", "weight": "30", "region": "3", "deposit": "1", "recommanded": "1", "signature": "0", "price": "363.70"}} ,
  {"pk": 202, "model": "colissimo.rate", "fields": {"tracking": "1", "weight": "0.5", "region": "3", "deposit": "1", "recommanded": "2", "signature": "1", "price": "12.90"}} ,
  {"pk": 203, "model": "colissimo.rate", "fields": {"tracking": "1", "weight": "1", "region": "3", "deposit": "1", "recommanded": "2", "signature": "1", "price": "18.20"}} ,
  {"pk": 204, "model": "colissimo.rate", "fields": {"tracking": "1", "weight": "2", "region": "3", "deposit": "1", "recommanded": "2", "signature": "1", "price": "30.20"}} ,
  {"pk": 205, "model": "colissimo.rate", "fields": {"tracking": "1", "weight": "3", "region": "3", "deposit": "1", "recommanded": "2", "signature": "1", "price": "42.20"}} ,
  {"pk": 206, "model": "colissimo.rate", "fields": {"tracking": "1", "weight": "4", "region": "3", "deposit": "1", "recommanded": "2", "signature": "1", "price": "54.20"}} ,
  {"pk": 207, "model": "colissimo.rate", "fields": {"tracking": "1", "weight": "5", "region": "3", "deposit": "1", "recommanded": "2", "signature": "1", "price": "66.20"}} ,
  {"pk": 208, "model": "colissimo.rate", "fields": {"tracking": "1", "weight": "6", "region": "3", "deposit": "1", "recommanded": "2", "signature": "1", "price": "78.20"}} ,
  {"pk": 209, "model": "colissimo.rate", "fields": {"tracking": "1", "weight": "7", "region": "3", "deposit": "1", "recommanded": "2", "signature": "1", "price": "90.20"}} ,
  {"pk": 210, "model": "colissimo.rate", "fields": {"tracking": "1", "weight": "8", "region": "3", "deposit": "1", "recommanded": "2", "signature": "1", "price": "102.20"}} ,
  {"pk": 211, "model": "colissimo.rate", "fields": {"tracking": "1", "weight": "9", "region": "3", "deposit": "1", "recommanded": "2", "signature": "1", "price": "114.20"}} ,
  {"pk": 212, "model": "colissimo.rate", "fields": {"tracking": "1", "weight": "10", "region": "3", "deposit": "1", "recommanded": "2", "signature": "1", "price": "126.20"}} ,
  {"pk": 213, "model": "colissimo.rate", "fields": {"tracking": "1", "weight": "15", "region": "3", "deposit": "1", "recommanded": "2", "signature": "1", "price": "186.20"}} ,
  {"pk": 214, "model": "colissimo.rate", "fields": {"tracking": "1", "weight": "20", "region": "3", "deposit": "1", "recommanded": "2", "signature": "1", "price": "246.20"}} ,
  {"pk": 215, "model": "colissimo.rate", "fields": {"tracking": "1", "weight": "25", "region": "3", "deposit": "1", "recommanded": "2", "signature": "1", "price": "306.20"}} ,
  {"pk": 216, "model": "colissimo.rate", "fields": {"tracking": "1", "weight": "30", "region": "3", "deposit": "1", "recommanded": "2", "signature": "1", "price": "366.20"}} ,
  {"pk": 217, "model": "colissimo.rate", "fields": {"tracking": "1", "weight": "0.5", "region": "3", "deposit": "1", "recommanded": "3", "signature": "1", "price": "13.80"}} ,
  {"pk": 218, "model": "colissimo.rate", "fields": {"tracking": "1", "weight": "1", "region": "3", "deposit": "1", "recommanded": "3", "signature": "1", "price": "19.10"}} ,
  {"pk": 219, "model": "colissimo.rate", "fields": {"tracking": "1", "weight": "2", "region": "3", "deposit": "1", "recommanded": "3", "signature": "1", "price": "31.10"}} ,
  {"pk": 220, "model": "colissimo.rate", "fields": {"tracking": "1", "weight": "3", "region": "3", "deposit": "1", "recommanded": "3", "signature": "1", "price": "43.10"}} ,
  {"pk": 221, "model": "colissimo.rate", "fields": {"tracking": "1", "weight": "4", "region": "3", "deposit": "1", "recommanded": "3", "signature": "1", "price": "55.10"}} ,
  {"pk": 222, "model": "colissimo.rate", "fields": {"tracking": "1", "weight": "5", "region": "3", "deposit": "1", "recommanded": "3", "signature": "1", "price": "67.10"}} ,
  {"pk": 223, "model": "colissimo.rate", "fields": {"tracking": "1", "weight": "6", "region": "3", "deposit": "1", "recommanded": "3", "signature": "1", "price": "79.10"}} ,
  {"pk": 224, "model": "colissimo.rate", "fields": {"tracking": "1", "weight": "7", "region": "3", "deposit": "1", "recommanded": "3", "signature": "1", "price": "91.10"}} ,
  {"pk": 225, "model": "colissimo.rate", "fields": {"tracking": "1", "weight": "8", "region": "3", "deposit": "1", "recommanded": "3", "signature": "1", "price": "103.10"}} ,
  {"pk": 226, "model": "colissimo.rate", "fields": {"tracking": "1", "weight": "9", "region": "3", "deposit": "1", "recommanded": "3", "signature": "1", "price": "115.10"}} ,
  {"pk": 227, "model": "colissimo.rate", "fields": {"tracking": "1", "weight": "10", "region": "3", "deposit": "1", "recommanded": "3", "signature": "1", "price": "127.10"}} ,
  {"pk": 228, "model": "colissimo.rate", "fields": {"tracking": "1", "weight": "15", "region": "3", "deposit": "1", "recommanded": "3", "signature": "1", "price": "187.10"}} ,
  {"pk": 229, "model": "colissimo.rate", "fields": {"tracking": "1", "weight": "20", "region": "3", "deposit": "1", "recommanded": "3", "signature": "1", "price": "247.10"}} ,
  {"pk": 230, "model": "colissimo.rate", "fields": {"tracking": "1", "weight": "25", "region": "3", "deposit": "1", "recommanded": "3", "signature": "1", "price": "307.10"}} ,
  {"pk": 231, "model": "colissimo.rate", "fields": {"tracking": "1", "weight": "30", "region": "3", "deposit": "1", "recommanded": "3", "signature": "1", "price": "367.10"}} ,
  {"pk": 232, "model": "colissimo.rate", "fields": {"tracking": "1", "weight": "0.5", "region": "3", "deposit": "1", "recommanded": "4", "signature": "1", "price": "15.00"}} ,
  {"pk": 233, "model": "colissimo.rate", "fields": {"tracking": "1", "weight": "1", "region": "3", "deposit": "1", "recommanded": "4", "signature": "1", "price": "20.30"}} ,
  {"pk": 234, "model": "colissimo.rate", "fields": {"tracking": "1", "weight": "2", "region": "3", "deposit": "1", "recommanded": "4", "signature": "1", "price": "32.30"}} ,
  {"pk": 235, "model": "colissimo.rate", "fields": {"tracking": "1", "weight": "3", "region": "3", "deposit": "1", "recommanded": "4", "signature": "1", "price": "44.30"}} ,
  {"pk": 236, "model": "colissimo.rate", "fields": {"tracking": "1", "weight": "4", "region": "3", "deposit": "1", "recommanded": "4", "signature": "1", "price": "56.30"}} ,
  {"pk": 237, "model": "colissimo.rate", "fields": {"tracking": "1", "weight": "5", "region": "3", "deposit": "1", "recommanded": "4", "signature": "1", "price": "68.30"}} ,
  {"pk": 238, "model": "colissimo.rate", "fields": {"tracking": "1", "weight": "6", "region": "3", "deposit": "1", "recommanded": "4", "signature": "1", "price": "80.30"}} ,
  {"pk": 239, "model": "colissimo.rate", "fields": {"tracking": "1", "weight": "7", "region": "3", "deposit": "1", "recommanded": "4", "signature": "1", "price": "92.30"}} ,
  {"pk": 240, "model": "colissimo.rate", "fields": {"tracking": "1", "weight": "8", "region": "3", "deposit": "1", "recommanded": "4", "signature": "1", "price": "104.30"}} ,
  {"pk": 241, "model": "colissimo.rate", "fields": {"tracking": "1", "weight": "9", "region": "3", "deposit": "1", "recommanded": "4", "signature": "1", "price": "116.30"}} ,
  {"pk": 242, "model": "colissimo.rate", "fields": {"tracking": "1", "weight": "10", "region": "3", "deposit": "1", "recommanded": "4", "signature": "1", "price": "128.30"}} ,
  {"pk": 243, "model": "colissimo.rate", "fields": {"tracking": "1", "weight": "15", "region": "3", "deposit": "1", "recommanded": "4", "signature": "1", "price": "188.30"}} ,
  {"pk": 244, "model": "colissimo.rate", "fields": {"tracking": "1", "weight": "20", "region": "3", "deposit": "1", "recommanded": "4", "signature": "1", "price": "248.30"}} ,
  {"pk": 245, "model": "colissimo.rate", "fields": {"tracking": "1", "weight": "25", "region": "3", "deposit": "1", "recommanded": "4", "signature": "1", "price": "308.30"}} ,
  {"pk": 246, "model": "colissimo.rate", "fields": {"tracking": "1", "weight": "30", "region": "3", "deposit": "1", "recommanded": "4", "signature": "1", "price": "368.30"}} ,
  {"pk": 247, "model": "colissimo.rate", "fields": {"tracking": "1", "weight": "0.5", "region": "3", "deposit": "1", "recommanded": "5", "signature": "1", "price": "16.20"}} ,
  {"pk": 248, "model": "colissimo.rate", "fields": {"tracking": "1", "weight": "1", "region": "3", "deposit": "1", "recommanded": "5", "signature": "1", "price": "21.50"}} ,
  {"pk": 249, "model": "colissimo.rate", "fields": {"tracking": "1", "weight": "2", "region": "3", "deposit": "1", "recommanded": "5", "signature": "1", "price": "33.50"}} ,
  {"pk": 250, "model": "colissimo.rate", "fields": {"tracking": "1", "weight": "3", "region": "3", "deposit": "1", "recommanded": "5", "signature": "1", "price": "45.50"}} ,
  {"pk": 251, "model": "colissimo.rate", "fields": {"tracking": "1", "weight": "4", "region": "3", "deposit": "1", "recommanded": "5", "signature": "1", "price": "57.50"}} ,
  {"pk": 252, "model": "colissimo.rate", "fields": {"tracking": "1", "weight": "5", "region": "3", "deposit": "1", "recommanded": "5", "signature": "1", "price": "69.50"}} ,
  {"pk": 253, "model": "colissimo.rate", "fields": {"tracking": "1", "weight": "6", "region": "3", "deposit": "1", "recommanded": "5", "signature": "1", "price": "81.50"}} ,
  {"pk": 254, "model": "colissimo.rate", "fields": {"tracking": "1", "weight": "7", "region": "3", "deposit": "1", "recommanded": "5", "signature": "1", "price": "93.50"}} ,
  {"pk": 255, "model": "colissimo.rate", "fields": {"tracking": "1", "weight": "8", "region": "3", "deposit": "1", "recommanded": "5", "signature": "1", "price": "105.50"}} ,
  {"pk": 256, "model": "colissimo.rate", "fields": {"tracking": "1", "weight": "9", "region": "3", "deposit": "1", "recommanded": "5", "signature": "1", "price": "117.50"}} ,
  {"pk": 257, "model": "colissimo.rate", "fields": {"tracking": "1", "weight": "10", "region": "3", "deposit": "1", "recommanded": "5", "signature": "1", "price": "129.50"}} ,
  {"pk": 258, "model": "colissimo.rate", "fields": {"tracking": "1", "weight": "15", "region": "3", "deposit": "1", "recommanded": "5", "signature": "1", "price": "189.50"}} ,
  {"pk": 259, "model": "colissimo.rate", "fields": {"tracking": "1", "weight": "20", "region": "3", "deposit": "1", "recommanded": "5", "signature": "1", "price": "249.50"}} ,
  {"pk": 260, "model": "colissimo.rate", "fields": {"tracking": "1", "weight": "25", "region": "3", "deposit": "1", "recommanded": "5", "signature": "1", "price": "309.50"}} ,
  {"pk": 261, "model": "colissimo.rate", "fields": {"tracking": "1", "weight": "30", "region": "3", "deposit": "1", "recommanded": "5", "signature": "1", "price": "369.50"}} ,
  {"pk": 262, "model": "colissimo.rate", "fields": {"tracking": "1", "weight": "0.5", "region": "3", "deposit": "1", "recommanded": "6", "signature": "1", "price": "17.40"}} ,
  {"pk": 263, "model": "colissimo.rate", "fields": {"tracking": "1", "weight": "1", "region": "3", "deposit": "1", "recommanded": "6", "signature": "1", "price": "22.70"}} ,
  {"pk": 264, "model": "colissimo.rate", "fields": {"tracking": "1", "weight": "2", "region": "3", "deposit": "1", "recommanded": "6", "signature": "1", "price": "34.70"}} ,
  {"pk": 265, "model": "colissimo.rate", "fields": {"tracking": "1", "weight": "3", "region": "3", "deposit": "1", "recommanded": "6", "signature": "1", "price": "46.70"}} ,
  {"pk": 266, "model": "colissimo.rate", "fields": {"tracking": "1", "weight": "4", "region": "3", "deposit": "1", "recommanded": "6", "signature": "1", "price": "58.70"}} ,
  {"pk": 267, "model": "colissimo.rate", "fields": {"tracking": "1", "weight": "5", "region": "3", "deposit": "1", "recommanded": "6", "signature": "1", "price": "70.70"}} ,
  {"pk": 268, "model": "colissimo.rate", "fields": {"tracking": "1", "weight": "6", "region": "3", "deposit": "1", "recommanded": "6", "signature": "1", "price": "82.70"}} ,
  {"pk": 269, "model": "colissimo.rate", "fields": {"tracking": "1", "weight": "7", "region": "3", "deposit": "1", "recommanded": "6", "signature": "1", "price": "94.70"}} ,
  {"pk": 270, "model": "colissimo.rate", "fields": {"tracking": "1", "weight": "8", "region": "3", "deposit": "1", "recommanded": "6", "signature": "1", "price": "106.70"}} ,
  {"pk": 271, "model": "colissimo.rate", "fields": {"tracking": "1", "weight": "9", "region": "3", "deposit": "1", "recommanded": "6", "signature": "1", "price": "118.70"}} ,
  {"pk": 272, "model": "colissimo.rate", "fields": {"tracking": "1", "weight": "10", "region": "3", "deposit": "1", "recommanded": "6", "signature": "1", "price": "130.70"}} ,
  {"pk": 273, "model": "colissimo.rate", "fields": {"tracking": "1", "weight": "15", "region": "3", "deposit": "1", "recommanded": "6", "signature": "1", "price": "190.70"}} ,
  {"pk": 274, "model": "colissimo.rate", "fields": {"tracking": "1", "weight": "20", "region": "3", "deposit": "1", "recommanded": "6", "signature": "1", "price": "250.70"}} ,
  {"pk": 275, "model": "colissimo.rate", "fields": {"tracking": "1", "weight": "25", "region": "3", "deposit": "1", "recommanded": "6", "signature": "1", "price": "310.70"}} ,
  {"pk": 276, "model": "colissimo.rate", "fields": {"tracking": "1", "weight": "30", "region": "3", "deposit": "1", "recommanded": "6", "signature": "1", "price": "370.70"}} ,
  {"pk": 277, "model": "colissimo.rate", "fields": {"tracking": "1", "weight": "1", "region": "4", "deposit": "1", "recommanded": "1", "signature": "1", "price": "16.15"}} ,
  {"pk": 278, "model": "colissimo.rate", "fields": {"tracking": "1", "weight": "2", "region": "4", "deposit": "1", "recommanded": "1", "signature": "1", "price": "17.85"}} ,
  {"pk": 279, "model": "colissimo.rate", "fields": {"tracking": "1", "weight": "3", "region": "4", "deposit": "1", "recommanded": "1", "signature": "1", "price": "21.55"}} ,
  {"pk": 280, "model": "colissimo.rate", "fields": {"tracking": "1", "weight": "4", "region": "4", "deposit": "1", "recommanded": "1", "signature": "1", "price": "25.25"}} ,
  {"pk": 281, "model": "colissimo.rate", "fields": {"tracking": "1", "weight": "5", "region": "4", "deposit": "1", "recommanded": "1", "signature": "1", "price": "28.95"}} ,
  {"pk": 282, "model": "colissimo.rate", "fields": {"tracking": "1", "weight": "6", "region": "4", "deposit": "1", "recommanded": "1", "signature": "1", "price": "32.65"}} ,
  {"pk": 283, "model": "colissimo.rate", "fields": {"tracking": "1", "weight": "7", "region": "4", "deposit": "1", "recommanded": "1", "signature": "1", "price": "36.35"}} ,
  {"pk": 284, "model": "colissimo.rate", "fields": {"tracking": "1", "weight": "8", "region": "4", "deposit": "1", "recommanded": "1", "signature": "1", "price": "40.05"}} ,
  {"pk": 285, "model": "colissimo.rate", "fields": {"tracking": "1", "weight": "9", "region": "4", "deposit": "1", "recommanded": "1", "signature": "1", "price": "43.75"}} ,
  {"pk": 286, "model": "colissimo.rate", "fields": {"tracking": "1", "weight": "10", "region": "4", "deposit": "1", "recommanded": "1", "signature": "1", "price": "47.45"}} ,
  {"pk": 287, "model": "colissimo.rate", "fields": {"tracking": "1", "weight": "15", "region": "4", "deposit": "1", "recommanded": "1", "signature": "1", "price": "54.65"}} ,
  {"pk": 288, "model": "colissimo.rate", "fields": {"tracking": "1", "weight": "20", "region": "4", "deposit": "1", "recommanded": "1", "signature": "1", "price": "61.85"}} ,
  {"pk": 289, "model": "colissimo.rate", "fields": {"tracking": "1", "weight": "25", "region": "4", "deposit": "1", "recommanded": "1", "signature": "1", "price": "69.05"}} ,
  {"pk": 290, "model": "colissimo.rate", "fields": {"tracking": "1", "weight": "30", "region": "4", "deposit": "1", "recommanded": "1", "signature": "1", "price": "76.25"}} ,
  {"pk": 291, "model": "colissimo.rate", "fields": {"tracking": "1", "weight": "1", "region": "5", "deposit": "1", "recommanded": "1", "signature": "1", "price": "19.80"}} ,
  {"pk": 292, "model": "colissimo.rate", "fields": {"tracking": "1", "weight": "2", "region": "5", "deposit": "1", "recommanded": "1", "signature": "1", "price": "21.70"}} ,
  {"pk": 293, "model": "colissimo.rate", "fields": {"tracking": "1", "weight": "3", "region": "5", "deposit": "1", "recommanded": "1", "signature": "1", "price": "26.25"}} ,
  {"pk": 294, "model": "colissimo.rate", "fields": {"tracking": "1", "weight": "4", "region": "5", "deposit": "1", "recommanded": "1", "signature": "1", "price": "30.80"}} ,
  {"pk": 295, "model": "colissimo.rate", "fields": {"tracking": "1", "weight": "5", "region": "5", "deposit": "1", "recommanded": "1", "signature": "1", "price": "35.35"}} ,
  {"pk": 296, "model": "colissimo.rate", "fields": {"tracking": "1", "weight": "6", "region": "5", "deposit": "1", "recommanded": "1", "signature": "1", "price": "39.90"}} ,
  {"pk": 297, "model": "colissimo.rate", "fields": {"tracking": "1", "weight": "7", "region": "5", "deposit": "1", "recommanded": "1", "signature": "1", "price": "44.45"}} ,
  {"pk": 298, "model": "colissimo.rate", "fields": {"tracking": "1", "weight": "8", "region": "5", "deposit": "1", "recommanded": "1", "signature": "1", "price": "49.00"}} ,
  {"pk": 299, "model": "colissimo.rate", "fields": {"tracking": "1", "weight": "9", "region": "5", "deposit": "1", "recommanded": "1", "signature": "1", "price": "53.55"}} ,
  {"pk": 300, "model": "colissimo.rate", "fields": {"tracking": "1", "weight": "10", "region": "5", "deposit": "1", "recommanded": "1", "signature": "1", "price": "58.10"}} ,
  {"pk": 301, "model": "colissimo.rate", "fields": {"tracking": "1", "weight": "15", "region": "5", "deposit": "1", "recommanded": "1", "signature": "1", "price": "68.50"}} ,
  {"pk": 302, "model": "colissimo.rate", "fields": {"tracking": "1", "weight": "20", "region": "5", "deposit": "1", "recommanded": "1", "signature": "1", "price": "78.90"}} ,
  {"pk": 303, "model": "colissimo.rate", "fields": {"tracking": "1", "weight": "1", "region": "6", "deposit": "1", "recommanded": "1", "signature": "1", "price": "23.20"}} ,
  {"pk": 304, "model": "colissimo.rate", "fields": {"tracking": "1", "weight": "2", "region": "6", "deposit": "1", "recommanded": "1", "signature": "1", "price": "31.10"}} ,
  {"pk": 305, "model": "colissimo.rate", "fields": {"tracking": "1", "weight": "3", "region": "6", "deposit": "1", "recommanded": "1", "signature": "1", "price": "40.90"}} ,
  {"pk": 306, "model": "colissimo.rate", "fields": {"tracking": "1", "weight": "4", "region": "6", "deposit": "1", "recommanded": "1", "signature": "1", "price": "50.70"}} ,
  {"pk": 307, "model": "colissimo.rate", "fields": {"tracking": "1", "weight": "5", "region": "6", "deposit": "1", "recommanded": "1", "signature": "1", "price": "60.50"}} ,
  {"pk": 308, "model": "colissimo.rate", "fields": {"tracking": "1", "weight": "6", "region": "6", "deposit": "1", "recommanded": "1", "signature": "1", "price": "70.30"}} ,
  {"pk": 309, "model": "colissimo.rate", "fields": {"tracking": "1", "weight": "7", "region": "6", "deposit": "1", "recommanded": "1", "signature": "1", "price": "80.10"}} ,
  {"pk": 310, "model": "colissimo.rate", "fields": {"tracking": "1", "weight": "8", "region": "6", "deposit": "1", "recommanded": "1", "signature": "1", "price": "89.90"}} ,
  {"pk": 311, "model": "colissimo.rate", "fields": {"tracking": "1", "weight": "9", "region": "6", "deposit": "1", "recommanded": "1", "signature": "1", "price": "99.70"}} ,
  {"pk": 312, "model": "colissimo.rate", "fields": {"tracking": "1", "weight": "10", "region": "6", "deposit": "1", "recommanded": "1", "signature": "1", "price": "109.50"}} ,
  {"pk": 313, "model": "colissimo.rate", "fields": {"tracking": "1", "weight": "15", "region": "6", "deposit": "1", "recommanded": "1", "signature": "1", "price": "133.60"}} ,
  {"pk": 314, "model": "colissimo.rate", "fields": {"tracking": "1", "weight": "20", "region": "6", "deposit": "1", "recommanded": "1", "signature": "1", "price": "157.70"}} ,
  {"pk": 315, "model": "colissimo.rate", "fields": {"tracking": "1", "weight": "1", "region": "7", "deposit": "1", "recommanded": "1", "signature": "1", "price": "26.40"}} ,
  {"pk": 316, "model": "colissimo.rate", "fields": {"tracking": "1", "weight": "2", "region": "7", "deposit": "1", "recommanded": "1", "signature": "1", "price": "39.70"}} ,
  {"pk": 317, "model": "colissimo.rate", "fields": {"tracking": "1", "weight": "3", "region": "7", "deposit": "1", "recommanded": "1", "signature": "1", "price": "52.90"}} ,
  {"pk": 318, "model": "colissimo.rate", "fields": {"tracking": "1", "weight": "4", "region": "7", "deposit": "1", "recommanded": "1", "signature": "1", "price": "66.10"}} ,
  {"pk": 319, "model": "colissimo.rate", "fields": {"tracking": "1", "weight": "5", "region": "7", "deposit": "1", "recommanded": "1", "signature": "1", "price": "79.30"}} ,
  {"pk": 320, "model": "colissimo.rate", "fields": {"tracking": "1", "weight": "6", "region": "7", "deposit": "1", "recommanded": "1", "signature": "1", "price": "92.50"}} ,
  {"pk": 321, "model": "colissimo.rate", "fields": {"tracking": "1", "weight": "7", "region": "7", "deposit": "1", "recommanded": "1", "signature": "1", "price": "105.70"}} ,
  {"pk": 322, "model": "colissimo.rate", "fields": {"tracking": "1", "weight": "8", "region": "7", "deposit": "1", "recommanded": "1", "signature": "1", "price": "118.90"}} ,
  {"pk": 323, "model": "colissimo.rate", "fields": {"tracking": "1", "weight": "9", "region": "7", "deposit": "1", "recommanded": "1", "signature": "1", "price": "132.10"}} ,
  {"pk": 324, "model": "colissimo.rate", "fields": {"tracking": "1", "weight": "10", "region": "7", "deposit": "1", "recommanded": "1", "signature": "1", "price": "145.30"}} ,
  {"pk": 325, "model": "colissimo.rate", "fields": {"tracking": "1", "weight": "15", "region": "7", "deposit": "1", "recommanded": "1", "signature": "1", "price": "171.30"}} ,
  {"pk": 326, "model": "colissimo.rate", "fields": {"tracking": "1", "weight": "20", "region": "7", "deposit": "1", "recommanded": "1", "signature": "1", "price": "197.30"}} 
]
